nameWithOwner,url,stargazers,mentionableUsers,openIssues,commitsCount,clossedIssues,pullrequestsCount,language,TipadaOuNaoTipada,CommitsPerPullrequests,CycleComplexity,CodeSmell,medianBugFixTime
iluwatar/java-design-patterns,https://github.com/iluwatar/java-design-patterns,81599,342,0,3454.0,101.0,1648.0,Java,Tipada,2.095873786407767,5507,702,351.1955555555556
macrozheng/mall,https://github.com/macrozheng/mall,65927,1,0,951.0,0.0,106.0,Java,Tipada,8.971698113207546,13922,1620,0.0
TheAlgorithms/Java,https://github.com/TheAlgorithms/Java,51729,552,1,1852.0,24.0,3092.0,Java,Tipada,0.5989650711513583,6363,2090,230.7472222222222
ReactiveX/RxJava,https://github.com/ReactiveX/RxJava,46983,310,0,6028.0,265.0,3775.0,Java,Tipada,1.5968211920529802,4484,469,16.585416666666667
square/retrofit,https://github.com/square/retrofit,41488,197,5,2051.0,23.0,1182.0,Java,Tipada,1.7351945854483926,3465,669,553.0088888888889
NationalSecurityAgency/ghidra,https://github.com/NationalSecurityAgency/ghidra,39276,236,0,9422.0,601.0,1041.0,Java,Tipada,9.050912584053794,316618,73274,436.8919444444445
apache/dubbo,https://github.com/apache/dubbo,38848,541,0,6695.0,553.0,6015.0,Java,Tipada,1.113050706566916,41348,8699,70.11444444444444
PhilJay/MPAndroidChart,https://github.com/PhilJay/MPAndroidChart,36415,72,22,2070.0,60.0,493.0,Java,Tipada,4.198782961460446,4762,814,190.93888888888887
jeecgboot/jeecg-boot,https://github.com/jeecgboot/jeecg-boot,34503,13,0,903.0,0.0,185.0,Java,Tipada,4.881081081081081,11629,4927,0.0
skylot/jadx,https://github.com/skylot/jadx,34413,92,155,1974.0,399.0,442.0,Java,Tipada,4.46606334841629,23735,2095,44.67625
airbnb/lottie-android,https://github.com/airbnb/lottie-android,33865,156,0,1500.0,0.0,690.0,Java,Tipada,2.1739130434782608,4762,416,0.0
bumptech/glide,https://github.com/bumptech/glide,33572,147,49,2858.0,399.0,833.0,Java,Tipada,3.430972388955582,12026,2602,124.64583333333331
Blankj/AndroidUtilCode,https://github.com/Blankj/AndroidUtilCode,32105,39,177,1430.0,165.0,213.0,Java,Tipada,6.713615023474178,9332,1476,121.13138888888888
dbeaver/dbeaver,https://github.com/dbeaver/dbeaver,31881,262,643,24192.0,6649.0,4014.0,Java,Tipada,6.026905829596412,92988,23136,120.38388888888888
netty/netty,https://github.com/netty/netty,31146,625,0,11144.0,1286.0,7106.0,Java,Tipada,1.5682521812552772,53746,7171,73.44416666666666
zxing/zxing,https://github.com/zxing/zxing,31011,116,3,3689.0,46.0,349.0,Java,Tipada,10.570200573065902,9869,11939,32.04611111111111
xkcoding/spring-boot-demo,https://github.com/xkcoding/spring-boot-demo,29376,9,22,734.0,16.0,78.0,Java,Tipada,9.41025641025641,1314,590,15.575
apolloconfig/apollo,https://github.com/apolloconfig/apollo,28019,141,3,2836.0,17.0,1615.0,Java,Tipada,1.7560371517027864,6568,1188,193.5377777777778
alibaba/easyexcel,https://github.com/alibaba/easyexcel,27661,66,66,1048.0,583.0,367.0,Java,Tipada,2.8555858310626703,4125,1528,429.2604166666666
halo-dev/halo,https://github.com/halo-dev/halo,27108,100,0,4242.0,0.0,1380.0,Java,Tipada,3.0739130434782607,5401,844,0.0
crossoverJie/JCSprout,https://github.com/crossoverJie/JCSprout,26961,23,2,709.0,9.0,114.0,Java,Tipada,6.219298245614035,633,458,18.740277777777777
alibaba/druid,https://github.com/alibaba/druid,26826,215,80,6833.0,325.0,1331.0,Java,Tipada,5.133734034560481,66323,22877,285.97652777777773
SeleniumHQ/selenium,https://github.com/SeleniumHQ/selenium,26487,678,0,29630.0,3.0,2903.0,Java,Tipada,10.206682741991044,21546,6369,51.505
alibaba/nacos,https://github.com/alibaba/nacos,26264,314,0,4559.0,0.0,3292.0,Java,Tipada,1.384872417982989,27281,6038,0.0
dromara/hutool,https://github.com/dromara/hutool,26188,245,0,4582.0,309.0,756.0,Java,Tipada,6.060846560846561,27792,4207,23.66180555555556
qiurunze123/miaosha,https://github.com/qiurunze123/miaosha,25875,9,0,248.0,0.0,69.0,Java,Tipada,3.5942028985507246,5958,3146,0.0
lenve/vhr,https://github.com/lenve/vhr,25857,2,0,159.0,0.0,76.0,Java,Tipada,2.0921052631578947,1044,171,0.0
alibaba/canal,https://github.com/alibaba/canal,25637,194,3,1557.0,158.0,615.0,Java,Tipada,2.5317073170731708,17153,3035,929.947361111111
JakeWharton/butterknife,https://github.com/JakeWharton/butterknife,25624,97,0,1016.0,10.0,491.0,Java,Tipada,2.069246435845214,1275,499,290.4508333333333
wuyouzhuguli/SpringAll,https://github.com/wuyouzhuguli/SpringAll,25502,3,0,140.0,0.0,22.0,Java,Tipada,6.363636363636363,2291,785,0.0
alibaba/spring-cloud-alibaba,https://github.com/alibaba/spring-cloud-alibaba,25502,166,3,2434.0,42.0,1206.0,Java,Tipada,2.0182421227197347,3175,524,139.34333333333333
alibaba/fastjson,https://github.com/alibaba/fastjson,25316,179,57,3982.0,222.0,853.0,Java,Tipada,4.668229777256741,32588,19228,603.0423611111112
proxyee-down-org/proxyee-down,https://github.com/proxyee-down-org/proxyee-down,25061,9,0,475.0,0.0,35.0,Java,Tipada,13.571428571428571,1113,183,0.0
apache/kafka,https://github.com/apache/kafka,24835,1024,0,11140.0,0.0,13713.0,Java,Tipada,0.8123678261503683,105400,15837,0.0
greenrobot/EventBus,https://github.com/greenrobot/EventBus,24337,22,1,550.0,7.0,131.0,Java,Tipada,4.198473282442748,867,234,3047.5002777777777
xuxueli/xxl-job,https://github.com/xuxueli/xxl-job,24212,57,0,1723.0,1.0,428.0,Java,Tipada,4.025700934579439,7853,3165,2251.858888888889
scwang90/SmartRefreshLayout,https://github.com/scwang90/SmartRefreshLayout,24173,8,20,1127.0,32.0,27.0,Java,Tipada,41.74074074074074,3846,1022,118.48013888888887
TeamNewPipe/NewPipe,https://github.com/TeamNewPipe/NewPipe,23608,788,453,10698.0,1920.0,1964.0,Java,Tipada,5.44704684317719,10507,601,357.23513888888886
signalapp/Signal-Android,https://github.com/signalapp/Signal-Android,23589,306,0,12247.0,0.0,2674.0,Java,Tipada,4.580029917726253,66945,5946,0.0
Netflix/Hystrix,https://github.com/Netflix/Hystrix,23347,663,7,2109.0,73.0,805.0,Java,Tipada,2.619875776397516,7346,2746,870.3719444444445
google/gson,https://github.com/google/gson,22085,156,58,1815.0,73.0,796.0,Java,Tipada,2.280150753768844,4630,1175,440.0733333333333
DrKLO/Telegram,https://github.com/DrKLO/Telegram,22033,16,0,499.0,0.0,603.0,Java,Tipada,0.8275290215588723,237695,46313,0.0
apache/skywalking,https://github.com/apache/skywalking,21743,453,8,7582.0,908.0,4685.0,Java,Tipada,1.6183564567769475,12911,3315,0.6776388888888889
libgdx/libgdx,https://github.com/libgdx/libgdx,21457,549,45,15223.0,350.0,3502.0,Java,Tipada,4.346944603083952,64887,49774,3552.2904166666667
termux/termux-app,https://github.com/termux/termux-app,21442,75,0,1428.0,301.0,309.0,Java,Tipada,4.621359223300971,5576,934,1.56875
apache/flink,https://github.com/apache/flink,21181,1146,0,33264.0,0.0,22562.0,Java,Tipada,1.4743373814378158,226444,33710,0.0
redisson/redisson,https://github.com/redisson/redisson,21079,124,4,7932.0,927.0,553.0,Java,Tipada,14.343580470162747,42627,10344,74.76416666666665
alibaba/Sentinel,https://github.com/alibaba/Sentinel,20919,191,0,803.0,0.0,977.0,Java,Tipada,0.8219037871033776,12250,2104,0.0
bazelbuild/bazel,https://github.com/bazelbuild/bazel,20755,889,0,35791.0,2966.0,6505.0,Java,Tipada,5.502075326671791,119233,28885,184.82291666666669
jenkinsci/jenkins,https://github.com/jenkinsci/jenkins,20733,1321,0,33649.0,0.0,7942.0,Java,Tipada,4.2368421052631575,37136,10469,0.0
google/ExoPlayer,https://github.com/google/ExoPlayer,20688,242,142,15057.0,1128.0,1179.0,Java,Tipada,12.770992366412214,50472,17485,467.6979166666666
ReactiveX/RxAndroid,https://github.com/ReactiveX/RxAndroid,19779,92,0,543.0,0.0,238.0,Java,Tipada,2.2815126050420167,175,25,0.0
elunez/eladmin,https://github.com/elunez/eladmin,19682,53,2,509.0,5.0,160.0,Java,Tipada,3.18125,1446,356,23.08222222222222
didi/DoKit,https://github.com/didi/DoKit,19444,106,10,2314.0,12.0,448.0,Java,Tipada,5.165178571428571,22730,3724,496.4548611111112
apache/rocketmq,https://github.com/apache/rocketmq,19191,473,0,8078.0,201.0,3284.0,Java,Tipada,2.4598051157125456,32794,6134,79.1238888888889
EnterpriseQualityCoding/FizzBuzzEnterpriseEdition,https://github.com/EnterpriseQualityCoding/FizzBuzzEnterpriseEdition,18916,31,1,184.0,0.0,130.0,Java,Tipada,1.4153846153846157,137,134,0.0
oracle/graal,https://github.com/oracle/graal,18539,1401,343,74124.0,1137.0,2902.0,Java,Tipada,25.542384562370778,288570,40401,227.65138888888885
CarGuo/GSYVideoPlayer,https://github.com/CarGuo/GSYVideoPlayer,18522,20,0,1489.0,0.0,56.0,Java,Tipada,26.589285714285715,6292,1137,0.0
Baseflow/PhotoView,https://github.com/Baseflow/PhotoView,18505,43,3,462.0,36.0,153.0,Java,Tipada,3.019607843137255,339,38,1195.496666666667
mybatis/mybatis-3,https://github.com/mybatis/mybatis-3,18462,206,4,4617.0,125.0,1618.0,Java,Tipada,2.853522867737948,9374,1351,58.30819444444444
apache/shardingsphere,https://github.com/apache/shardingsphere,18338,516,0,38611.0,1035.0,16302.0,Java,Tipada,2.368482394798184,39573,6554,24.62736111111111
brettwooldridge/HikariCP,https://github.com/brettwooldridge/HikariCP,18143,127,0,2835.0,106.0,398.0,Java,Tipada,7.123115577889447,1968,448,17.43486111111111
linlinjava/litemall,https://github.com/linlinjava/litemall,17972,58,1,1181.0,4.0,173.0,Java,Tipada,6.826589595375722,19911,3479,1453.0959722222224
Anuken/Mindustry,https://github.com/Anuken/Mindustry,17851,519,0,16333.0,2574.0,4767.0,Java,Tipada,3.4262638976295365,26322,10604,5.289583333333333
dianping/cat,https://github.com/dianping/cat,17724,89,0,7410.0,2.0,1068.0,Java,Tipada,6.938202247191011,59573,32895,3323.803888888889
forezp/SpringCloudLearning,https://github.com/forezp/SpringCloudLearning,17284,1,0,72.0,0.0,13.0,Java,Tipada,5.538461538461538,645,701,0.0
nostra13/Android-Universal-Image-Loader,https://github.com/nostra13/Android-Universal-Image-Loader,16806,38,15,1038.0,74.0,152.0,Java,Tipada,6.828947368421052,1383,198,539.8940277777779
Tencent/tinker,https://github.com/Tencent/tinker,16758,36,32,815.0,59.0,153.0,Java,Tipada,5.326797385620915,8601,1669,570.2727777777778
yudaocode/SpringBoot-Labs,https://github.com/yudaocode/SpringBoot-Labs,16750,4,2,678.0,4.0,29.0,Java,Tipada,23.379310344827587,4719,2044,74.8963888888889
shuzheng/zheng,https://github.com/shuzheng/zheng,16499,9,0,1241.0,0.0,135.0,Java,Tipada,9.192592592592591,7072,2490,0.0
iBotPeaches/Apktool,https://github.com/iBotPeaches/Apktool,16231,94,46,1929.0,170.0,387.0,Java,Tipada,4.984496124031008,2643,604,2236.58375
openzipkin/zipkin,https://github.com/openzipkin/zipkin,16158,161,48,2727.0,150.0,2188.0,Java,Tipada,1.2463436928702012,9076,2503,144.49930555555557
LMAX-Exchange/disruptor,https://github.com/LMAX-Exchange/disruptor,15955,65,0,1324.0,7.0,157.0,Java,Tipada,8.433121019108281,2200,606,115.21444444444444
keycloak/keycloak,https://github.com/keycloak/keycloak,15919,877,0,21916.0,0.0,11448.0,Java,Tipada,1.9143955276030749,107402,20260,0.0
JeffLi1993/springboot-learning-example,https://github.com/JeffLi1993/springboot-learning-example,15434,3,0,168.0,0.0,65.0,Java,Tipada,2.5846153846153848,665,147,0.0
android10/Android-CleanArchitecture,https://github.com/android10/Android-CleanArchitecture,15328,11,0,248.0,1.0,58.0,Java,Tipada,4.275862068965517,418,42,659.9133333333333
Tencent/APIJSON,https://github.com/Tencent/APIJSON,15218,60,0,3060.0,0.0,120.0,Java,Tipada,25.5,3670,1301,0.0
dyc87112/SpringBoot-Learning,https://github.com/dyc87112/SpringBoot-Learning,15138,1,0,495.0,0.0,40.0,Java,Tipada,12.375,674,339,0.0
medcl/elasticsearch-analysis-ik,https://github.com/medcl/elasticsearch-analysis-ik,15064,36,0,259.0,0.0,105.0,Java,Tipada,2.466666666666667,545,86,0.0
material-components/material-components-android,https://github.com/material-components/material-components-android,14920,182,212,5202.0,1511.0,544.0,Java,Tipada,9.5625,21065,2113,58.013888888888886
justauth/JustAuth,https://github.com/justauth/JustAuth,14728,34,3,711.0,12.0,69.0,Java,Tipada,10.304347826086955,1072,308,885.5702777777778
williamfiset/Algorithms,https://github.com/williamfiset/Algorithms,14687,50,2,1603.0,3.0,204.0,Java,Tipada,7.857843137254902,7159,2672,697.4025
baomidou/mybatis-plus,https://github.com/baomidou/mybatis-plus,14472,140,0,5313.0,2.0,725.0,Java,Tipada,7.328275862068965,5650,1007,490.6301388888889
hdodenhof/CircleImageView,https://github.com/hdodenhof/CircleImageView,14415,14,1,160.0,2.0,58.0,Java,Tipada,2.7586206896551726,74,2,2151.6784722222224
antlr/antlr4,https://github.com/antlr/antlr4,14391,312,0,9107.0,150.0,1943.0,Java,Tipada,4.687081832218219,21391,5689,811.0045833333334
android-hacker/VirtualXposed,https://github.com/android-hacker/VirtualXposed,14342,38,6,1661.0,20.0,70.0,Java,Tipada,23.728571428571428,8013,3821,9455.994583333331
alibaba/ARouter,https://github.com/alibaba/ARouter,14178,22,1,301.0,2.0,151.0,Java,Tipada,1.9933774834437088,699,177,5091.011527777779
Tencent/QMUI_Android,https://github.com/Tencent/QMUI_Android,14049,25,16,1007.0,26.0,39.0,Java,Tipada,25.82051282051282,12756,1366,453.8863888888889
mockito/mockito,https://github.com/mockito/mockito,13920,272,9,5923.0,66.0,1498.0,Java,Tipada,3.9539385847797055,8315,3055,219.3798611111111
YunaiV/ruoyi-vue-pro,https://github.com/YunaiV/ruoyi-vue-pro,13816,138,0,4085.0,59.0,52.0,Java,Tipada,78.5576923076923,21883,3750,224.5975
Konloch/bytecode-viewer,https://github.com/Konloch/bytecode-viewer,13709,40,40,1153.0,47.0,139.0,Java,Tipada,8.29496402877698,4318,1443,6500.0725
thingsboard/thingsboard,https://github.com/thingsboard/thingsboard,13597,161,265,13837.0,590.0,3544.0,Java,Tipada,3.904345372460496,62219,8385,456.5236111111111
orhanobut/logger,https://github.com/orhanobut/logger,13580,11,3,146.0,10.0,62.0,Java,Tipada,2.3548387096774195,247,23,1193.2444444444443
lgvalle/Material-Animations,https://github.com/lgvalle/Material-Animations,13565,9,0,76.0,0.0,24.0,Java,Tipada,3.1666666666666665,140,25,0.0
ben-manes/caffeine,https://github.com/ben-manes/caffeine,13549,57,0,1672.0,1.0,239.0,Java,Tipada,6.99581589958159,14544,3331,16055.336944444443
eclipse-vertx/vert.x,https://github.com/eclipse-vertx/vert.x,13535,244,57,5657.0,414.0,2150.0,Java,Tipada,2.6311627906976742,27652,4655,62.59555555555556
arduino/Arduino,https://github.com/arduino/Arduino,13526,263,0,7375.0,857.0,1494.0,Java,Tipada,4.936412315930388,6441,1777,23.64555555555556
apache/hadoop,https://github.com/apache/hadoop,13486,548,0,26612.0,0.0,5638.0,Java,Tipada,4.720113515431004,256001,55641,0.0
elastic/logstash,https://github.com/elastic/logstash,13440,2215,290,10396.0,973.0,8560.0,Java,Tipada,1.2144859813084112,10932,1469,115.23736111111111
alibaba/DataX,https://github.com/alibaba/DataX,13368,78,3,551.0,4.0,438.0,Java,Tipada,1.2579908675799087,12160,3702,1007.4234722222222
Bigkoo/Android-PickerView,https://github.com/Bigkoo/Android-PickerView,13286,16,1,493.0,10.0,78.0,Java,Tipada,6.32051282051282,879,345,92.4009722222222
Curzibn/Luban,https://github.com/Curzibn/Luban,13243,9,0,187.0,5.0,33.0,Java,Tipada,5.666666666666667,209,27,169.7686111111111
Grasscutters/Grasscutter,https://github.com/Grasscutters/Grasscutter,13136,177,41,1951.0,360.0,1055.0,Java,Tipada,1.8492890995260665,200412,33280,103.1447222222222
google/tink,https://github.com/google/tink,13134,118,0,6342.0,7.0,224.0,Java,Tipada,28.3125,30188,6643,21171.0
JessYanCoding/AndroidAutoSize,https://github.com/JessYanCoding/AndroidAutoSize,12971,4,0,333.0,0.0,7.0,Java,Tipada,47.57142857142857,404,35,0.0
deeplearning4j/deeplearning4j,https://github.com/deeplearning4j/deeplearning4j,12926,62,108,2677.0,1170.0,4274.0,Java,Tipada,0.626345343940103,137516,77754,752.725
seaswalker/spring-analysis,https://github.com/seaswalker/spring-analysis,12861,4,0,101.0,0.0,23.0,Java,Tipada,4.391304347826087,56,45,0.0
pinpoint-apm/pinpoint,https://github.com/pinpoint-apm/pinpoint,12743,118,12,13040.0,345.0,6046.0,Java,Tipada,2.156797882897784,64753,9716,67.88347222222222
GoogleContainerTools/jib,https://github.com/GoogleContainerTools/jib,12736,125,0,2268.0,27.0,2489.0,Java,Tipada,0.9112093210124548,6222,2256,430.7366666666667
facebookarchive/stetho,https://github.com/facebookarchive/stetho,12644,55,2,588.0,37.0,321.0,Java,Tipada,1.83177570093458,3053,562,168.30805555555557
apache/pulsar,https://github.com/apache/pulsar,12634,633,0,11556.0,2650.0,13738.0,Java,Tipada,0.841170476051827,75515,19123,161.8072222222222
Netflix/zuul,https://github.com/Netflix/zuul,12600,605,5,1473.0,8.0,1026.0,Java,Tipada,1.435672514619883,3705,841,144.4351388888889
apache/druid,https://github.com/apache/druid,12584,567,222,12695.0,505.0,9584.0,Java,Tipada,1.3246035058430718,112261,16049,453.2023611111112
greenrobot/greenDAO,https://github.com/greenrobot/greenDAO,12577,6,7,883.0,29.0,128.0,Java,Tipada,6.8984375,3774,695,1068.7205555555556
java-decompiler/jd-gui,https://github.com/java-decompiler/jd-gui,12465,9,0,253.0,3.0,57.0,Java,Tipada,4.43859649122807,3413,578,546.9033333333333
LuckSiege/PictureSelector,https://github.com/LuckSiege/PictureSelector,12413,9,0,3893.0,1.0,58.0,Java,Tipada,67.12068965517241,7798,1377,324.13444444444445
zhihu/Matisse,https://github.com/zhihu/Matisse,12410,32,8,223.0,10.0,172.0,Java,Tipada,1.2965116279069768,719,86,509.81916666666666
youth5201314/banner,https://github.com/youth5201314/banner,12371,11,1,237.0,1.0,32.0,Java,Tipada,7.40625,562,101,1690.6502777777778
sqshq/piggymetrics,https://github.com/sqshq/piggymetrics,12316,14,0,290.0,0.0,44.0,Java,Tipada,6.590909090909091,716,130,0.0
daimajia/AndroidSwipeLayout,https://github.com/daimajia/AndroidSwipeLayout,12294,19,1,175.0,8.0,65.0,Java,Tipada,2.6923076923076925,699,118,16.47277777777778
daimajia/AndroidViewAnimations,https://github.com/daimajia/AndroidViewAnimations,12273,19,0,145.0,1.0,35.0,Java,Tipada,4.142857142857143,147,82,3456.2375
dromara/Sa-Token,https://github.com/dromara/Sa-Token,12210,93,0,1474.0,2.0,73.0,Java,Tipada,20.19178082191781,5224,1745,25.74375
macrozheng/mall-learning,https://github.com/macrozheng/mall-learning,11990,1,0,522.0,0.0,42.0,Java,Tipada,12.428571428571429,25389,4929,0.0
projectlombok/lombok,https://github.com/projectlombok/lombok,11957,126,11,3536.0,18.0,471.0,Java,Tipada,7.507430997876858,19664,7038,369.4769444444445
google/guice,https://github.com/google/guice,11950,87,7,2076.0,201.0,576.0,Java,Tipada,3.6041666666666665,10176,1719,0.0002777777777777
Netflix/eureka,https://github.com/Netflix/eureka,11807,651,2,1687.0,20.0,847.0,Java,Tipada,1.991735537190083,7210,1660,666.2165277777777
quarkusio/quarkus,https://github.com/quarkusio/quarkus,11727,797,0,38037.0,0.0,18420.0,Java,Tipada,2.064983713355049,138024,24554,0.0
codecentric/spring-boot-admin,https://github.com/codecentric/spring-boot-admin,11678,169,10,2182.0,322.0,916.0,Java,Tipada,2.382096069868996,4862,1210,276.65625
Tencent/VasSonic,https://github.com/Tencent/VasSonic,11661,16,0,372.0,0.0,115.0,Java,Tipada,3.234782608695652,1783,2591,0.0
kunal-kushwaha/DSA-Bootcamp-Java,https://github.com/kunal-kushwaha/DSA-Bootcamp-Java,11591,121,0,813.0,0.0,830.0,Java,Tipada,0.9795180722891568,1291,862,0.0
Yalantis/uCrop,https://github.com/Yalantis/uCrop,11497,58,8,359.0,20.0,201.0,Java,Tipada,1.7860696517412935,899,121,3913.3440277777777
realm/realm-java,https://github.com/realm/realm-java,11385,162,0,8968.0,0.0,3205.0,Java,Tipada,2.798127925117005,22813,4393,0.0
questdb/questdb,https://github.com/questdb/questdb,11367,106,54,4073.0,285.0,2017.0,Java,Tipada,2.019335647000496,68284,13293,223.03541666666663
neo4j/neo4j,https://github.com/neo4j/neo4j,11359,377,155,76568.0,1061.0,9736.0,Java,Tipada,7.864420706655711,119169,13576,277.4776388888889
apache/zookeeper,https://github.com/apache/zookeeper,11251,208,0,2475.0,0.0,1994.0,Java,Tipada,1.241223671013039,22841,5749,0.0
janishar/mit-deep-learning-book-pdf,https://github.com/janishar/mit-deep-learning-book-pdf,11172,7,0,26.0,0.0,6.0,Java,Tipada,4.333333333333333,0,2,0.0
androidannotations/androidannotations,https://github.com/androidannotations/androidannotations,11132,57,0,2934.0,150.0,634.0,Java,Tipada,4.62776025236593,5738,1192,350.24222222222227
jfeinstein10/SlidingMenu,https://github.com/jfeinstein10/SlidingMenu,11128,23,0,336.0,6.0,130.0,Java,Tipada,2.5846153846153848,744,84,326.45125
permissions-dispatcher/PermissionsDispatcher,https://github.com/permissions-dispatcher/PermissionsDispatcher,11123,33,1,787.0,41.0,301.0,Java,Tipada,2.614617940199336,1219,489,694.8408333333333
theonedev/onedev,https://github.com/theonedev/onedev,11119,26,0,5406.0,0.0,52.0,Java,Tipada,103.96153846153848,65880,16464,0.0
redis/jedis,https://github.com/redis/jedis,11056,204,2,2160.0,29.0,1605.0,Java,Tipada,1.3457943925233644,11322,2197,68.17916666666666
H07000223/FlycoTabLayout,https://github.com/H07000223/FlycoTabLayout,10838,1,0,42.0,0.0,24.0,Java,Tipada,1.75,577,120,0.0
alibaba/vlayout,https://github.com/alibaba/vlayout,10837,20,3,366.0,17.0,23.0,Java,Tipada,15.91304347826087,3075,579,35.82111111111111
pxb1988/dex2jar,https://github.com/pxb1988/dex2jar,10836,10,5,593.0,3.0,26.0,Java,Tipada,22.807692307692307,8477,2305,1162.8619444444444
code4craft/webmagic,https://github.com/code4craft/webmagic,10812,48,13,1210.0,66.0,200.0,Java,Tipada,6.05,1775,692,83.33263888888888
lingochamp/FileDownloader,https://github.com/lingochamp/FileDownloader,10797,13,6,834.0,88.0,67.0,Java,Tipada,12.447761194029852,2805,415,115.37041666666669
zaproxy/zaproxy,https://github.com/zaproxy/zaproxy,10790,205,122,9006.0,690.0,3185.0,Java,Tipada,2.827629513343799,35436,39803,51.06541666666666
Tencent/matrix,https://github.com/Tencent/matrix,10790,39,20,3302.0,16.0,238.0,Java,Tipada,13.873949579831931,13572,3910,978.9969444444444
dataease/dataease,https://github.com/dataease/dataease,10774,38,0,9498.0,0.0,3118.0,Java,Tipada,3.046183450930084,30302,3841,0.0
android-async-http/android-async-http,https://github.com/android-async-http/android-async-http,10657,76,0,899.0,0.0,287.0,Java,Tipada,3.132404181184669,1491,299,0.0
grpc/grpc-java,https://github.com/grpc/grpc-java,10534,353,41,5845.0,283.0,7030.0,Java,Tipada,0.8314366998577525,7039,29397,272.995
jeasonlzy/okhttp-OkGo,https://github.com/jeasonlzy/okhttp-OkGo,10517,4,0,250.0,1.0,19.0,Java,Tipada,13.157894736842104,2619,437,962.8005555555555
lipangit/JiaoZiVideoPlayer,https://github.com/lipangit/JiaoZiVideoPlayer,10449,29,13,1858.0,65.0,72.0,Java,Tipada,25.80555555555556,1037,336,1103.1152777777777
YunaiV/yudao-cloud,https://github.com/YunaiV/yudao-cloud,10446,27,0,1281.0,3.0,35.0,Java,Tipada,36.6,5166,1152,1635.1755555555555
tbruyelle/RxPermissions,https://github.com/tbruyelle/RxPermissions,10439,22,0,228.0,7.0,77.0,Java,Tipada,2.961038961038961,140,42,784.0097222222222
apache/dolphinscheduler,https://github.com/apache/dolphinscheduler,10396,477,160,7790.0,2588.0,7140.0,Java,Tipada,1.0910364145658262,21411,3585,211.92027777777776
aosp-mirror/platform_frameworks_base,https://github.com/aosp-mirror/platform_frameworks_base,10383,1404,0,814375.0,0.0,126.0,Java,Tipada,6463.293650793651,743239,100792,0.0
yuliskov/SmartTubeNext,https://github.com/yuliskov/SmartTubeNext,10262,70,0,7448.0,0.0,823.0,Java,Tipada,9.0498177399757,35697,3680,0.0
square/javapoet,https://github.com/square/javapoet,10210,108,4,889.0,11.0,548.0,Java,Tipada,1.6222627737226278,1359,328,2173.705833333333
JessYanCoding/MVPArms,https://github.com/JessYanCoding/MVPArms,10207,18,1,1080.0,0.0,72.0,Java,Tipada,15.0,1301,176,0.0
macrozheng/mall-swarm,https://github.com/macrozheng/mall-swarm,10192,1,0,448.0,0.0,23.0,Java,Tipada,19.47826086956522,14037,1609,0.0
JakeWharton/ViewPagerIndicator,https://github.com/JakeWharton/ViewPagerIndicator,10184,25,0,241.0,9.0,149.0,Java,Tipada,1.6174496644295302,588,42,382.8011111111111
jhy/jsoup,https://github.com/jhy/jsoup,10119,102,2,1812.0,133.0,563.0,Java,Tipada,3.2184724689165187,5365,849,783.1304166666666
apereo/cas,https://github.com/apereo/cas,10099,313,0,23042.0,0.0,4308.0,Java,Tipada,5.348653667595172,32213,5978,0.0
google/auto,https://github.com/google/auto,10097,83,0,1610.0,0.0,1037.0,Java,Tipada,1.5525554484088715,4595,1145,0.0
newbee-ltd/newbee-mall,https://github.com/newbee-ltd/newbee-mall,9972,3,0,99.0,0.0,17.0,Java,Tipada,5.823529411764706,5799,1180,0.0
clojure/clojure,https://github.com/clojure/clojure,9967,156,0,3443.0,0.0,91.0,Java,Tipada,37.83516483516483,10084,11607,0.0
krahets/hello-algo,https://github.com/krahets/hello-algo,9915,71,0,1261.0,0.0,372.0,Java,Tipada,3.389784946236559,2861,535,0.0
LSPosed/LSPosed,https://github.com/LSPosed/LSPosed,9819,63,0,2688.0,197.0,1613.0,Java,Tipada,1.666460012399256,4513,795,0.073611111111111
wasabeef/glide-transformations,https://github.com/wasabeef/glide-transformations,9778,16,0,239.0,0.0,46.0,Java,Tipada,5.195652173913044,240,8,0.0
Netflix/conductor,https://github.com/Netflix/conductor,9737,759,0,3162.0,149.0,1575.0,Java,Tipada,2.0076190476190474,9968,1058,188.12041666666667
YoKeyword/Fragmentation,https://github.com/YoKeyword/Fragmentation,9729,17,0,612.0,10.0,43.0,Java,Tipada,14.232558139534884,1722,277,14.15236111111111
TooTallNate/Java-WebSocket,https://github.com/TooTallNate/Java-WebSocket,9719,78,7,1128.0,109.0,365.0,Java,Tipada,3.0904109589041098,2525,1840,912.1195833333334
HarlonWang/AVLoadingIndicatorView,https://github.com/HarlonWang/AVLoadingIndicatorView,9700,7,0,97.0,0.0,26.0,Java,Tipada,3.730769230769231,271,25,0.0
alibaba/COLA,https://github.com/alibaba/COLA,9690,26,0,379.0,0.0,154.0,Java,Tipada,2.461038961038961,1044,487,0.0
googlesamples/easypermissions,https://github.com/googlesamples/easypermissions,9680,39,3,184.0,10.0,117.0,Java,Tipada,1.5726495726495726,333,120,598.463888888889
liaohuqiu/android-Ultra-Pull-To-Refresh,https://github.com/liaohuqiu/android-Ultra-Pull-To-Refresh,9618,9,0,182.0,0.0,49.0,Java,Tipada,3.7142857142857135,917,185,0.0
ksoichiro/Android-ObservableScrollView,https://github.com/ksoichiro/Android-ObservableScrollView,9617,14,0,383.0,0.0,25.0,Java,Tipada,15.32,2163,369,0.0
paascloud/paascloud-master,https://github.com/paascloud/paascloud-master,9586,6,0,46.0,0.0,46.0,Java,Tipada,1.0,2602,1017,0.0
OpenRefine/OpenRefine,https://github.com/OpenRefine/OpenRefine,9471,303,159,7552.0,1108.0,2984.0,Java,Tipada,2.5308310991957104,22907,11351,107.94291666666668
perwendel/spark,https://github.com/perwendel/spark,9470,137,19,1067.0,23.0,525.0,Java,Tipada,2.032380952380952,2103,529,5355.502777777778
umano/AndroidSlidingUpPanel,https://github.com/umano/AndroidSlidingUpPanel,9461,49,4,361.0,27.0,168.0,Java,Tipada,2.148809523809524,531,38,1943.485
cryptomator/cryptomator,https://github.com/cryptomator/cryptomator,9272,49,0,4451.0,624.0,302.0,Java,Tipada,14.73841059602649,2176,271,193.69208333333336
metersphere/metersphere,https://github.com/metersphere/metersphere,9185,54,0,15753.0,0.0,16544.0,Java,Tipada,0.9521881044487428,87000,14992,0.0
navasmdc/MaterialDesignLibrary,https://github.com/navasmdc/MaterialDesignLibrary,9044,11,0,74.0,0.0,92.0,Java,Tipada,0.8043478260869565,528,122,0.0
jwtk/jjwt,https://github.com/jwtk/jjwt,9030,50,2,514.0,12.0,266.0,Java,Tipada,1.932330827067669,1307,295,784.8768055555556
GcsSloop/AndroidNote,https://github.com/GcsSloop/AndroidNote,8887,4,0,1375.0,0.0,15.0,Java,Tipada,91.66666666666669,62,15,0.0
nathanmarz/storm,https://github.com/nathanmarz/storm,8880,48,0,1764.0,0.0,304.0,Java,Tipada,5.802631578947368,12778,6272,0.0
Justson/AgentWeb,https://github.com/Justson/AgentWeb,8853,7,1,1027.0,2.0,19.0,Java,Tipada,54.05263157894737,2285,577,3897.475138888889
barry-ran/QtScrcpy,https://github.com/barry-ran/QtScrcpy,9450,19,6,736.0,1.0,106.0,Java,Tipada,6.943396226415095,755,51,4634.810277777778
hackware1993/MagicIndicator,https://github.com/hackware1993/MagicIndicator,9426,1,0,3.0,2.0,13.0,Java,Tipada,0.2307692307692307,852,79,34.55597222222222
bilibili/DanmakuFlameMaster,https://github.com/bilibili/DanmakuFlameMaster,9423,38,6,1126.0,7.0,63.0,Java,Tipada,17.873015873015873,2426,616,269.0336111111111
pockethub/PocketHub,https://github.com/pockethub/PocketHub,9411,118,3,3512.0,47.0,629.0,Java,Tipada,5.583465818759937,2843,249,434.1080555555556
MyCATApache/Mycat-Server,https://github.com/MyCATApache/Mycat-Server,9393,101,79,2881.0,40.0,1219.0,Java,Tipada,2.3634126333059884,21027,5881,167.55416666666667
koral--/android-gif-drawable,https://github.com/koral--/android-gif-drawable,9357,25,2,1144.0,123.0,138.0,Java,Tipada,8.289855072463768,780,17,114.50097222222222
lzyzsd/JsBridge,https://github.com/lzyzsd/JsBridge,9322,19,1,108.0,0.0,37.0,Java,Tipada,2.918918918918919,248,96,0.0
lihengming/spring-boot-api-project-seed,https://github.com/lihengming/spring-boot-api-project-seed,9300,1,0,108.0,2.0,38.0,Java,Tipada,2.8421052631578947,87,41,62.785694444444445
asLody/VirtualApp,https://github.com/asLody/VirtualApp,9279,41,0,1344.0,0.0,192.0,Java,Tipada,7.0,7944,3595,0.0
didi/VirtualAPK,https://github.com/didi/VirtualAPK,8834,21,2,114.0,6.0,32.0,Java,Tipada,3.5625,1333,700,742.6191666666666
crossoverJie/cim,https://github.com/crossoverJie/cim,8829,7,0,347.0,5.0,39.0,Java,Tipada,8.897435897435898,1107,375,3902.473055555556
